rn_user|time|name|lock|lock_time|itogotem|itogomsg|repa|kosyaki|nikname|ip|rezerved|
10000|1452172432|WR|0||1|1|0|0|Разработчик скрипта|127.0.0.1||
76883||peretyazhka_nuki|0||0|0|0|0||91.201.113.207||
69180||Prodvizhen_zwMn|0||0|0|0|0||91.205.168.135||
54966|1706504143|LeslieInvop|0||1|1|5|0||194.156.97.130||
24289||Hrheape|0||0|0|0|0||87.225.101.4||
18011||MichaelJog|0||0|0|0|0||196.196.53.29||
36033|1708909146|Raymondirord|0||1|1|5|0||188.126.94.250||
79113||Domodigital_wnPi|0||0|0|0|0||91.205.168.253||
71925||AlexandrPro|0||0|0|0|0||188.19.255.40||
91829||Peterpat|0||0|0|0|0||94.25.172.214||
82104||PatrickJar|0||0|0|0|0||45.132.194.3||
49415|1714923037|Tobiasaleft|0||2|2|10|0||37.46.113.247||
59092||MikhailRE|0||0|0|0|0||84.54.44.213||
59216||MikhailV|0||0|0|0|0||77.238.250.151||
34861||MikhailRS|0||0|0|0|0||77.238.233.155||
65434||AlexProfmails|0||0|0|0|0||188.17.159.227||
75265||AlexProfi|0||0|0|0|0||188.17.159.227||
74021||RichardAlkap|0||0|0|0|0||64.176.68.83||
71604||AleksMoney|0||0|0|0|0||188.17.159.227||
97593||DavidDet|0||0|0|0|0||194.158.192.91||
57147|1719708730|X22Crach|0||2|2|10|0||93.170.204.114||
94560||OptomTov|0||0|0|0|0||188.17.159.227||
14443||ProdvigenieSaytov|0||0|0|0|0||88.218.60.231||
11554||MichaelFek|0||0|0|0|0||149.102.232.66||
73982||Thomasnok|0||0|0|0|0||84.239.40.217||
10669||Dallasfok|0||0|0|0|0||92.37.254.229||
60387||Dzxlasfok|0||0|0|0|0||92.37.186.166||
93122|1739597698|Michaelninee|0||1|0|4|0||94.25.172.253||
15117|1739597705|VincentLed|0||0|-1|-1|0||94.25.168.127||
58078|1737545691|DavidVat|0||0|1|1|0||46.246.93.10||
11278||AntoniomoB|0||0|0|0|0||94.25.175.208||
73473||Eugenegow|0||0|0|0|0||185.195.65.101||
62098||JaredHah|0||0|0|0|0||94.25.175.110||
47697||ThurmanGut|0||0|0|0|0||185.195.65.101||
68695|1738073025|alexus030|0||1|1|5|0||185.107.56.46||
23710||CharlesSot|0||0|0|0|0||89.46.238.164||
83098||JuniorFut|0||0|0|0|0||89.46.238.164||
37850||Felipelef|0||0|0|0|0||94.25.171.61||
78568||DustinApact|0||0|0|0|0||46.246.88.20||
57979||StevenLIb|0||0|0|0|0||94.25.170.64||
16478||Bexlasfok|0||0|0|0|0||92.37.158.56||
93210||Robertqx|0||0|0|0|0||176.56.177.138||
30984||hjby|0||0|0|0|0||176.56.177.138||
78753||Tammylpj|0||0|0|0|0||87.239.191.54||
55904||Jimmyedv|0||0|0|0|0||45.128.38.94||
94439||Merlenus|0||0|0|0|0||176.56.185.96||
59708||Shraunaph|0||0|0|0|0||176.56.185.96||
53149||JamesBrore|0||0|0|0|0||87.239.191.54||
53715||agriculturalelenore|0||0|0|0|0||158.255.212.218||
59829||JamesHaT|0||0|0|0|0||80.70.109.93||
22893||Shraunnll|0||0|0|0|0||176.56.185.96||
92015||AndrewCer|0||0|0|0|0||178.67.50.92||
90222||Jameslep|0||0|0|0|0||178.67.50.92||
22981||LorenzoEmora|0||0|0|0|0||212.35.169.160||
10642|1757216786|vivodirkutskorect|0||1|1|5|0||37.139.53.45||
60343||internetVibly|0||0|0|0|0||37.139.53.2||
56642||Danielpef|0||0|0|0|0||178.67.50.92||
36055||Shraunbwl|0||0|0|0|0||176.56.177.138||
18022||inernetadresVibly|0||0|0|0|0||37.139.53.2||
60902||inernetkrdVibly|0||0|0|0|0||37.139.53.2||
22714||FrankChelyabinskhar|0||0|0|0|0||78.29.53.57||
94984||Harolddiarp|0||0|0|0|0||31.129.170.42||
88186||Bobbyces|0||0|0|0|0||95.81.83.231||
71942||krakrCrach|0||0|0|0|0||91.84.117.102||
94672||krakrCrach|0||0|0|0|0||91.84.117.102||
36672||internetrostovVibly|0||0|0|0|0||37.139.53.2||
14027||Sergiofus|0||0|0|0|0||91.84.99.54||
57843||Deadushka|0||0|0|0|0||62.221.67.22||
44175||LloydChelyabinskkerce|0||0|0|0|0||78.29.53.57||
31826||PatrickSom|0||0|0|0|0||178.67.84.87||
29820||kramarket|0||0|0|0|0||91.84.117.102||
26048||Ronaldhoart|0||0|0|0|0||93.191.63.229||
34998||AntonioDaf|0||0|0|0|0||93.191.63.229||
54043||ThomasChelyabinskAbext|0||0|0|0|0||78.29.53.57||
41924||KennethMar|0||0|0|0|0||178.67.84.87||
28773||WilfordVep|0||0|0|0|0||178.67.84.87||
74230||BillyTorry|0||0|0|0|0||178.67.84.87||
64355||HarryBal|0||0|0|0|0||178.67.84.87||
88572||AlfredoFeank|0||0|0|0|0||78.29.53.57||
50400||SteveDruts|0||0|0|0|0||78.29.53.57||
14218||EdwardSathe|0||0|0|0|0||78.29.53.57||
29913||Shraungqi|0||0|0|0|0||91.199.118.221||
66540||Jasoniromy|0||0|0|0|0||78.29.53.57||
24781||Jameseagef|0||0|0|0|0||78.29.53.57||
62536||Jeremyexili|0||0|0|0|0||78.29.53.57||
70782||Leonardwab|0||0|0|0|0||92.100.20.136||
68028||WalterKerne|0||0|0|0|0||78.29.53.57||
41898||GeorgeKeype|0||0|0|0|0||78.29.53.57||
30971||JamesScove|0||0|0|0|0||78.29.53.57||
10084||RichardpaupT|0||0|0|0|0||78.29.53.57||
39403||DanielZer|0||0|0|0|0||194.156.92.34||
69640||Stprodv|0||0|0|0|0||91.84.98.173||
17626||MelBet_qqSt|0||0|0|0|0||95.182.125.104||
54112||GeraldLed|0||0|0|0|0||45.84.177.123||
21823||BradleySix|0||0|0|0|0||95.182.126.146||
73810||Charleslig|0||0|0|0|0||78.29.53.57||
17233||Rickyskemi|0||0|0|0|0||78.29.53.57||
36364|1768550516|GeorgeRom|0||5|5|25|0||185.39.19.97||
15380||Richardfah|0||0|0|0|0||78.29.53.57||
73948||Andrewabart|0||0|0|0|0||78.29.53.57||
53384||PhilipShelp|0||0|0|0|0||78.29.53.57||
90908||BillyRoold|0||0|0|0|0||78.29.53.57||
60383||FrankSot|0||0|0|0|0||78.29.53.57||
18394||Jamesfes|0||0|0|0|0||78.29.53.57||
58528||Dizaynersk_khkt|0||0|0|0|0||95.182.127.93||
41792|1760421785|Emmaped|0||1|1|5|0||203.17.245.207||
86825||RobertKap|0||0|0|0|0||103.199.18.116||
31764||Alexgg9|0||0|0|0|0||109.248.142.168||
36082||GeorgeMeree|0||0|0|0|0||78.29.53.57||
11853||Isabellaped|0||0|0|0|0||203.23.179.24||
24032||OtzyvBazaCrach|0||0|0|0|0||146.70.22.122||
30611||Arenda-mebelex7|0||0|0|0|0||45.134.183.133||
80342|1762123068|Oliviaped|0||1|1|5|0||149.34.252.6||
38001||Shraunytj|0||0|0|0|0||185.155.97.175||
33730|1763160939|Isabellaped8370|0||1|1|5|0||149.34.252.54||
99292||MikhailSP|0||0|0|0|0||94.103.91.137||
68917||mafia_boEl|0||0|0|0|0||62.113.116.213||
61096||games_ttpa|0||0|0|0|0||46.8.14.123||
93953||Nescreekpoows|0||0|0|0|0||130.49.79.130||
91165|1763935038|Ameliaped6976|0||1|1|5|0||149.34.252.9||
29930||Arenda-mebeli-aa4|0||0|0|0|0||31.177.111.81||
86557|1764124963|Полина|0||1|1|5|0||31.162.41.151||
58863||1win_rkEl|0||0|0|0|0||188.130.128.21||
65485||LuckyPari_utMr|0||0|0|0|0||45.90.196.109||
59370||KaresHaT|0||0|0|0|0||45.152.181.138||
58961||Kroumkxpj|0||0|0|0|0||185.215.186.43||
75060||888starz_cnPi|0||0|0|0|0||88.210.35.166||
49880||aviator_uyka|0||0|0|0|0||144.124.254.153||
74077||aviator_keki|0||0|0|0|0||188.130.129.97||
20927||777bet_guol|0||0|0|0|0||46.8.213.112||
48452||aviator_zjer|0||0|0|0|0||109.248.166.21||
89468||aviator_bnSl|0||0|0|0|0||46.8.107.4||
43461||aviator_vror|0||0|0|0|0||109.248.13.196||
32895||777bet_quor|0||0|0|0|0||109.248.13.223||
47994||1win_ukpn|0||0|0|0|0||46.8.16.244||
23523||mine_onmt|0||0|0|0|0||213.226.101.142||
99763||aviator_njMi|0||0|0|0|0||109.248.166.21||
15897||777bet_caKn|0||0|0|0|0||46.8.193.58||
47164||good_ofPl|0||0|0|0|0||46.8.22.14||
14656||aviator_fmma|0||0|0|0|0||45.90.196.109||
90648||playboy888_uvOn|0||0|0|0|0||188.130.210.133||
98171||918kiss_clOl|0||0|0|0|0||45.11.20.116||
25655||vpower_nbPn|0||0|0|0|0||188.130.143.112||
66493||aviator_rfKa|0||0|0|0|0||185.181.246.228||
24441||aviator_nfOt|0||0|0|0|0||188.130.128.247||
14886|1765629349|Oliviaped9732|0||1|1|5|0||173.244.207.104||
95189||aviator_nbpn|0||0|0|0|0||109.248.142.217||
43929|1765905559|Oliviaped9318|0||1|1|5|0||109.123.90.59||
77873||777bet_pdPa|0||0|0|0|0||46.8.193.97||
10202||1win_xvon|0||0|0|0|0||46.8.23.212||
51463||918kiss_jdEi|0||0|0|0|0||213.226.101.142||
51845|1766273963|Oliviaped4980|0||1|1|5|0||173.244.207.12||
60377||good_jxOi|0||0|0|0|0||109.248.204.116||
18793||playboy888_nmon|0||0|0|0|0||188.130.219.228||
83088||aviator_qnKr|0||0|0|0|0||188.130.143.112||
31744||1win_neMi|0||0|0|0|0||185.181.244.198||
37608||vpower_mdst|0||0|0|0|0||45.15.73.97||
57508|1766555518|Avaped6520|0||1|1|5|0||173.244.207.6||
40918||AlbertTes|0||0|0|0|0||185.215.186.47||
25440|1766641498|Avtoservis_ruPi|0||1|1|5|0||194.32.229.9||
67620||aviator_weOl|0||0|0|0|0||188.130.187.161||
81186|1766851292|Isabellaped2273|0||1|1|5|0||173.244.207.11||
82655||likvidaciy_xjKa|0||0|0|0|0||185.218.109.187||
56961||jili_hpmn|0||0|0|0|0||194.32.229.160||
80276||jili_iaSr|0||0|0|0|0||46.8.107.4||
11158||spingo88_bgsn|0||0|0|0|0||94.158.190.173||
80578||Emmaped9006|0||0|0|0|0||173.244.207.13||
98376||mrlucky88_glMi|0||0|0|0|0||109.248.12.40||
97149||haveyona23|0||0|0|0|0||77.79.179.251||
98880||125win_oiOl|0||0|0|0|0||109.248.12.40||
62486|1767517294|Emmaped3593|0||1|1|5|0||109.123.90.43||
45104||kak_wfSa|0||0|0|0|0||92.119.193.81||
73595||777bet_xqSa|0||0|0|0|0||46.8.16.10||
74726|1767805373|Isabellaped4683|0||1|1|5|0||173.244.207.4||
48599||alo789_gfmi|0||0|0|0|0||92.119.193.66||
50625||valor_deSa|0||0|0|0|0||109.248.204.81||
71610|1768112294|Isabellaped2775|0||1|1|5|0||173.244.207.34||
64194||vblink_ovMi|0||0|0|0|0||188.130.128.21||
10445||Rodneylef|0||0|0|0|0||46.8.16.88||
94321|1768350145|The_tqkn|0||1|1|5|0||188.130.185.178||
24945||Juwa_knEi|0||0|0|0|0||109.248.55.3||
34405||vinlab_mtkr|0||0|0|0|0||188.130.186.44||
91785|1768592497|Ameliaped2215|0||1|1|5|0||173.244.207.34||
91284||aviator_empn|0||0|0|0|0||46.8.14.29||
47793|1768789572|Obuchenie_ylMl|0||1|1|5|0||188.130.137.218||
93559|1768899494|Ameliaped7780|0||1|1|5|0||216.144.249.38||
29546||mosbeth_hlKi|0||0|0|0|0||188.130.128.247||
47806|1769250608|Ameliaped6984|0||1|1|5|0||89.249.73.41||
64511||Be2xlasfok|0||0|0|0|0||92.37.255.176||
15447|1769568286|Oliviaped4108|0||1|1|5|0||89.249.73.43||
22927||WAYANG88_qkon|0||0|0|0|0||109.248.48.128||
23112||777bet_ysea|0||0|0|0|0||46.8.23.130||
20870|1769833212|kosmetolog_upPn|0||1|1|5|0||94.25.169.56||
41698||ntc33_esSr|0||0|0|0|0||46.8.22.71||
18987|1770020780|Avaped5261|0||1|1|5|0||66.234.148.50||
98519||Robertodok|0||0|0|0|0||79.117.186.125||
58248|1772647730|Глеб|0||1|1|5|0||31.162.31.183||
26250||Вероника|0||0|0|0|0||31.163.247.87||
98704|1770343257|Oliviaped6893|0||1|1|5|0||77.110.103.99||
48535|1770964486|Liozenda|0||0|9|9|0||46.0.16.90||
21705||365cuci_tykr|0||0|0|0|0||188.130.143.162||
77028||Josephviart|0||0|0|0|0||148.222.186.61||
89094||smas_mlKn|0||0|0|0|0||185.149.21.10||
66422||ex_lqEn|0||0|0|0|0||45.11.20.215||
25970||good_nbKt|0||0|0|0|0||46.8.106.137||
43437||JamesPet|0||0|0|0|0||89.124.64.55||
31496||777bet_ckSa|0||0|0|0|0||45.86.1.76||
12090||Internet_dfma|0||0|0|0|0||95.182.127.83||
55749||Internet_pkma|0||0|0|0|0||188.130.185.213||
78600||fugu_fqma|0||0|0|0|0||46.8.23.10||
87488||aviator_ssEi|0||0|0|0|0||46.8.193.97||
55258||Даниэль|0||0|0|0|0||31.162.31.183||
78367||Potlivost_ddkl|0||0|0|0|0||46.8.140.133||
88252||ExBet_rdMr|0||0|0|0|0||188.130.142.62||
69097||Botulinote_tsSl|0||0|0|0|0||185.149.23.132||
85817||Botulinote_eypn|0||0|0|0|0||185.181.246.83||
55072||OliverErota|0||0|0|0|0||104.28.156.62||
40498||SteveDearp|0||0|0|0|0||89.41.181.51||
92975||rSkiff|0||0|0|0|0||185.214.96.163||
