Гость|1452172753|127.0.0.1|07.01.2016 - 17:19:13|
Гость|1452172983|127.0.0.1|07.01.2016 - 17:23:03|
Гость|1452172984|127.0.0.1|07.01.2016 - 17:23:04|
Гость|1452173017|127.0.0.1|07.01.2016 - 17:23:37|
Гость|1452173019|127.0.0.1|07.01.2016 - 17:23:39|
Гость|1452173021|127.0.0.1|07.01.2016 - 17:23:41|
Гость|1452173024|127.0.0.1|07.01.2016 - 17:23:44|
Гость|1452173030|127.0.0.1|07.01.2016 - 17:23:50|
Гость|1452173033|127.0.0.1|07.01.2016 - 17:23:53|
Гость|1452173044|127.0.0.1|07.01.2016 - 17:24:04|
Гость|1452173046|127.0.0.1|07.01.2016 - 17:24:06|
Гость|1452173049|127.0.0.1|07.01.2016 - 17:24:09|
Гость|1452173054|127.0.0.1|07.01.2016 - 17:24:14|
Гость|1452173059|127.0.0.1|07.01.2016 - 17:24:19|
Гость|1452173067|127.0.0.1|07.01.2016 - 17:24:27|
Гость|1452173069|127.0.0.1|07.01.2016 - 17:24:29|
Гость|1452173070|127.0.0.1|07.01.2016 - 17:24:30|
Гость|1452173079|127.0.0.1|07.01.2016 - 17:24:39|
Гость|1452173083|127.0.0.1|07.01.2016 - 17:24:43|
Гость|1452173085|127.0.0.1|07.01.2016 - 17:24:45|
Гость|1452173087|127.0.0.1|07.01.2016 - 17:24:47|
Гость|1452173092|127.0.0.1|07.01.2016 - 17:24:52|
Гость|1452173100|127.0.0.1|07.01.2016 - 17:25:00|
Гость|1452173101|127.0.0.1|07.01.2016 - 17:25:01|
Гость|1452173102|127.0.0.1|07.01.2016 - 17:25:02|
Гость|1452173110|127.0.0.1|07.01.2016 - 17:25:10|
Гость|1452173113|127.0.0.1|07.01.2016 - 17:25:13|
Гость|1452173114|127.0.0.1|07.01.2016 - 17:25:14|
